{
    "rmse": 0.5751783284007081,
    "mae": 0.430695578267195,
    "r2": 0.49298067515427924
}